<?xml version="1.0" encoding="UTF-8"?>
<project-private xmlns="http://www.netbeans.org/ns/project-private/1">
    <editor-bookmarks xmlns="http://www.netbeans.org/ns/editor-bookmarks/2" lastBookmarkId="0"/>
    <open-files xmlns="http://www.netbeans.org/ns/projectui-open-files/2">
        <group>
            <file>file:/C:/Users/Anne/Dropbox/PHP%20and%20MySQL%20(4th%20Ed)/book_download/book_apps/ch20_guitar_shop/model/product.php</file>
            <file>file:/C:/Users/Anne/Dropbox/PHP%20and%20MySQL%20(4th%20Ed)/book_download/book_apps/ch20_guitar_shop/admin/category/index.php</file>
            <file>file:/C:/Users/Anne/Dropbox/PHP%20and%20MySQL%20(4th%20Ed)/book_download/book_apps/ch20_guitar_shop/admin/product/index.php</file>
        </group>
    </open-files>
</project-private>
